{"cameraMode":{"drawMode":0,"name":"Shaded","section":"Shading Mode"},"sceneLighting":true,"audioPlay":false,"sceneViewState":{"showFog":true,"showMaterialUpdate":false,"showSkybox":true,"showFlares":true,"showImageEffects":true,"showParticleSystems":true},"in2DMode":false,"pivot":{"x":-0.7663797736167908,"y":1.0332798957824708,"z":-1.460801362991333},"rotation":{"x":0.13097615540027619,"y":0.17656300961971284,"z":-0.023713910952210428,"w":0.9752629995346069},"size":0.22984494268894196,"orthographic":false}